<?xml version="1.0" encoding="UTF-8"?>
<GenRun Id="synth_1" LaunchPart="xc7z010clg400-1" LaunchTime="1604230010">
  <File Type="PA-TCL" Name="lab1.tcl"/>
  <File Type="REPORTS-TCL" Name="lab1_reports.tcl"/>
  <File Type="RDS-RDS" Name="lab1.vds"/>
  <File Type="RDS-UTIL" Name="lab1_utilization_synth.rpt"/>
  <File Type="RDS-UTIL-PB" Name="lab1_utilization_synth.pb"/>
  <File Type="RDS-DCP" Name="lab1.dcp"/>
  <FileSet Name="sources" Type="DesignSrcs" RelSrcDir="$PSRCDIR/sources_1">
    <Filter Type="Srcs"/>
    <File Path="$PSRCDIR/sources_1/imports/Fuentes/lab1.vhd">
      <FileInfo>
        <Attr Name="ImportPath" Val="$PPRDIR/../../VHDLs/lab1/Fuentes/lab1.vhd"/>
        <Attr Name="ImportTime" Val="1604200446"/>
        <Attr Name="UsedIn" Val="synthesis"/>
        <Attr Name="UsedIn" Val="simulation"/>
      </FileInfo>
    </File>
    <Config>
      <Option Name="DesignMode" Val="RTL"/>
      <Option Name="TopModule" Val="lab1"/>
      <Option Name="TopAutoSet" Val="TRUE"/>
    </Config>
  </FileSet>
  <FileSet Name="constrs_in" Type="Constrs" RelSrcDir="$PSRCDIR/constrs_1">
    <Filter Type="Constrs"/>
    <File Path="$PSRCDIR/constrs_1/imports/lab1/lab1_ArtyZ7_10.xdc">
      <FileInfo>
        <Attr Name="ImportPath" Val="$PPRDIR/../../VHDLs/lab1/lab1_ArtyZ7_10.xdc"/>
        <Attr Name="ImportTime" Val="1522889094"/>
        <Attr Name="UsedIn" Val="synthesis"/>
        <Attr Name="UsedIn" Val="implementation"/>
      </FileInfo>
    </File>
    <Config>
      <Option Name="ConstrsType" Val="XDC"/>
    </Config>
  </FileSet>
  <FileSet Name="utils" Type="Utils" RelSrcDir="$PSRCDIR/utils_1">
    <Filter Type="Utils"/>
    <Config>
      <Option Name="TopAutoSet" Val="TRUE"/>
    </Config>
  </FileSet>
  <Strategy Version="1" Minor="2">
    <StratHandle Name="Vivado Synthesis Defaults" Flow="Vivado Synthesis 2018"/>
    <Step Id="synth_design"/>
  </Strategy>
</GenRun>
