<?xml version="1.0" encoding="UTF-8"?>
<GenRun Id="impl_1" LaunchPart="xc7z010clg400-1" LaunchTime="1608146841">
  <File Type="BITSTR-BMM" Name="uart_top_bd.bmm"/>
  <File Type="OPT-METHODOLOGY-DRC" Name="uart_top_methodology_drc_opted.rpt"/>
  <File Type="INIT-TIMING" Name="uart_top_timing_summary_init.rpt"/>
  <File Type="ROUTE-PWR" Name="uart_top_power_routed.rpt"/>
  <File Type="PA-TCL" Name="uart_top.tcl"/>
  <File Type="OPT-TIMING" Name="uart_top_timing_summary_opted.rpt"/>
  <File Type="OPT-DCP" Name="uart_top_opt.dcp"/>
  <File Type="ROUTE-PWR-SUM" Name="uart_top_power_summary_routed.pb"/>
  <File Type="REPORTS-TCL" Name="uart_top_reports.tcl"/>
  <File Type="OPT-DRC" Name="uart_top_drc_opted.rpt"/>
  <File Type="OPT-HWDEF" Name="uart_top.hwdef"/>
  <File Type="PWROPT-DCP" Name="uart_top_pwropt.dcp"/>
  <File Type="PWROPT-DRC" Name="uart_top_drc_pwropted.rpt"/>
  <File Type="PWROPT-TIMING" Name="uart_top_timing_summary_pwropted.rpt"/>
  <File Type="PLACE-DCP" Name="uart_top_placed.dcp"/>
  <File Type="PLACE-IO" Name="uart_top_io_placed.rpt"/>
  <File Type="PLACE-CLK" Name="uart_top_clock_utilization_placed.rpt"/>
  <File Type="PLACE-UTIL" Name="uart_top_utilization_placed.rpt"/>
  <File Type="PLACE-UTIL-PB" Name="uart_top_utilization_placed.pb"/>
  <File Type="PLACE-CTRL" Name="uart_top_control_sets_placed.rpt"/>
  <File Type="PLACE-SIMILARITY" Name="uart_top_incremental_reuse_placed.rpt"/>
  <File Type="PLACE-PRE-SIMILARITY" Name="uart_top_incremental_reuse_pre_placed.rpt"/>
  <File Type="BG-BGN" Name="uart_top.bgn"/>
  <File Type="PLACE-TIMING" Name="uart_top_timing_summary_placed.rpt"/>
  <File Type="POSTPLACE-PWROPT-DCP" Name="uart_top_postplace_pwropt.dcp"/>
  <File Type="BG-BIN" Name="uart_top.bin"/>
  <File Type="POSTPLACE-PWROPT-TIMING" Name="uart_top_timing_summary_postplace_pwropted.rpt"/>
  <File Type="PHYSOPT-DCP" Name="uart_top_physopt.dcp"/>
  <File Type="PHYSOPT-DRC" Name="uart_top_drc_physopted.rpt"/>
  <File Type="BITSTR-MSK" Name="uart_top.msk"/>
  <File Type="PHYSOPT-TIMING" Name="uart_top_timing_summary_physopted.rpt"/>
  <File Type="ROUTE-ERROR-DCP" Name="uart_top_routed_error.dcp"/>
  <File Type="ROUTE-DCP" Name="uart_top_routed.dcp"/>
  <File Type="ROUTE-BLACKBOX-DCP" Name="uart_top_routed_bb.dcp"/>
  <File Type="ROUTE-DRC" Name="uart_top_drc_routed.rpt"/>
  <File Type="ROUTE-DRC-PB" Name="uart_top_drc_routed.pb"/>
  <File Type="BITSTR-LTX" Name="debug_nets.ltx"/>
  <File Type="BITSTR-LTX" Name="uart_top.ltx"/>
  <File Type="ROUTE-DRC-RPX" Name="uart_top_drc_routed.rpx"/>
  <File Type="BITSTR-MMI" Name="uart_top.mmi"/>
  <File Type="ROUTE-METHODOLOGY-DRC" Name="uart_top_methodology_drc_routed.rpt"/>
  <File Type="ROUTE-METHODOLOGY-DRC-RPX" Name="uart_top_methodology_drc_routed.rpx"/>
  <File Type="BITSTR-SYSDEF" Name="uart_top.sysdef"/>
  <File Type="ROUTE-METHODOLOGY-DRC-PB" Name="uart_top_methodology_drc_routed.pb"/>
  <File Type="ROUTE-PWR-RPX" Name="uart_top_power_routed.rpx"/>
  <File Type="ROUTE-STATUS" Name="uart_top_route_status.rpt"/>
  <File Type="ROUTE-STATUS-PB" Name="uart_top_route_status.pb"/>
  <File Type="ROUTE-TIMINGSUMMARY" Name="uart_top_timing_summary_routed.rpt"/>
  <File Type="ROUTE-TIMING-PB" Name="uart_top_timing_summary_routed.pb"/>
  <File Type="ROUTE-TIMING-RPX" Name="uart_top_timing_summary_routed.rpx"/>
  <File Type="ROUTE-SIMILARITY" Name="uart_top_incremental_reuse_routed.rpt"/>
  <File Type="ROUTE-CLK" Name="uart_top_clock_utilization_routed.rpt"/>
  <File Type="ROUTE-BUS-SKEW" Name="uart_top_bus_skew_routed.rpt"/>
  <File Type="ROUTE-BUS-SKEW-PB" Name="uart_top_bus_skew_routed.pb"/>
  <File Type="ROUTE-BUS-SKEW-RPX" Name="uart_top_bus_skew_routed.rpx"/>
  <File Type="POSTROUTE-PHYSOPT-DCP" Name="uart_top_postroute_physopt.dcp"/>
  <File Type="POSTROUTE-PHYSOPT-BLACKBOX-DCP" Name="uart_top_postroute_physopt_bb.dcp"/>
  <File Type="POSTROUTE-PHYSOPT-TIMING" Name="uart_top_timing_summary_postroute_physopted.rpt"/>
  <File Type="POSTROUTE-PHYSOPT-TIMING-PB" Name="uart_top_timing_summary_postroute_physopted.pb"/>
  <File Type="POSTROUTE-PHYSOPT-TIMING-RPX" Name="uart_top_timing_summary_postroute_physopted.rpx"/>
  <File Type="POSTROUTE-PHYSOPT-BUS-SKEW" Name="uart_top_bus_skew_postroute_physopted.rpt"/>
  <File Type="POSTROUTE-PHYSOPT-BUS-SKEW-PB" Name="uart_top_bus_skew_postroute_physopted.pb"/>
  <File Type="BG-BIT" Name="uart_top.bit"/>
  <File Type="POSTROUTE-PHYSOPT-BUS-SKEW-RPX" Name="uart_top_bus_skew_postroute_physopted.rpx"/>
  <File Type="BITSTR-RBT" Name="uart_top.rbt"/>
  <File Type="BITSTR-NKY" Name="uart_top.nky"/>
  <File Type="BG-DRC" Name="uart_top.drc"/>
  <File Type="RDI-RDI" Name="uart_top.vdi"/>
  <File Type="WBT-USG" Name="usage_statistics_webtalk.html"/>
  <FileSet Name="sources" Type="DesignSrcs" RelSrcDir="$PSRCDIR/sources_1">
    <Filter Type="Srcs"/>
    <File Path="$PSRCDIR/sources_1/imports/Lab02/led_ctl.vhd">
      <FileInfo>
        <Attr Name="ImportPath" Val="$PPRDIR/../Practica02/Practica02.srcs/sources_1/imports/Lab02/led_ctl.vhd"/>
        <Attr Name="ImportTime" Val="1542732422"/>
        <Attr Name="UsedIn" Val="synthesis"/>
        <Attr Name="UsedIn" Val="simulation"/>
      </FileInfo>
    </File>
    <File Path="$PSRCDIR/sources_1/imports/Lab02/meta_harden.vhd">
      <FileInfo>
        <Attr Name="ImportPath" Val="$PPRDIR/../Practica02/Practica02.srcs/sources_1/imports/Lab02/meta_harden.vhd"/>
        <Attr Name="ImportTime" Val="1542732368"/>
        <Attr Name="UsedIn" Val="synthesis"/>
        <Attr Name="UsedIn" Val="simulation"/>
      </FileInfo>
    </File>
    <File Path="$PSRCDIR/sources_1/imports/Lab02/uart_baud_gen.vhd">
      <FileInfo>
        <Attr Name="ImportPath" Val="$PPRDIR/../Practica02/Practica02.srcs/sources_1/imports/Lab02/uart_baud_gen.vhd"/>
        <Attr Name="ImportTime" Val="1542732376"/>
        <Attr Name="UsedIn" Val="synthesis"/>
        <Attr Name="UsedIn" Val="simulation"/>
      </FileInfo>
    </File>
    <File Path="$PSRCDIR/sources_1/imports/Lab02/uart_led.vhd">
      <FileInfo>
        <Attr Name="ImportPath" Val="$PPRDIR/../Practica02/Practica02.srcs/sources_1/imports/Lab02/uart_led.vhd"/>
        <Attr Name="ImportTime" Val="1542732386"/>
        <Attr Name="UsedIn" Val="synthesis"/>
        <Attr Name="UsedIn" Val="simulation"/>
      </FileInfo>
    </File>
    <File Path="$PSRCDIR/sources_1/imports/Lab02/uart_rx.vhd">
      <FileInfo>
        <Attr Name="ImportPath" Val="$PPRDIR/../Practica02/Practica02.srcs/sources_1/imports/Lab02/uart_rx.vhd"/>
        <Attr Name="ImportTime" Val="1605623888"/>
        <Attr Name="UsedIn" Val="synthesis"/>
        <Attr Name="UsedIn" Val="simulation"/>
      </FileInfo>
    </File>
    <File Path="$PSRCDIR/sources_1/imports/Lab02/uart_rx_ctl.vhd">
      <FileInfo>
        <Attr Name="ImportPath" Val="$PPRDIR/../Practica02/Practica02.srcs/sources_1/imports/Lab02/uart_rx_ctl.vhd"/>
        <Attr Name="ImportTime" Val="1542732406"/>
        <Attr Name="UsedIn" Val="synthesis"/>
        <Attr Name="UsedIn" Val="simulation"/>
      </FileInfo>
    </File>
    <File Path="$PSRCDIR/sources_1/imports/Lab02/uart_top.vhd">
      <FileInfo>
        <Attr Name="ImportPath" Val="$PPRDIR/../Practica02/Practica02.srcs/sources_1/imports/Lab02/uart_top.vhd"/>
        <Attr Name="ImportTime" Val="1542732342"/>
        <Attr Name="UsedIn" Val="synthesis"/>
        <Attr Name="UsedIn" Val="simulation"/>
      </FileInfo>
    </File>
    <File Path="$PSRCDIR/sources_1/imports/clk_wiz_0/clk_wiz_0_stub.vhdl">
      <FileInfo>
        <Attr Name="AutoDisabled" Val="1"/>
        <Attr Name="ImportPath" Val="$PIPUSERFILESDIR/ip/clk_wiz_0/clk_wiz_0_stub.vhdl"/>
        <Attr Name="ImportTime" Val="1608135197"/>
        <Attr Name="UsedIn" Val="synthesis"/>
        <Attr Name="UsedIn" Val="simulation"/>
      </FileInfo>
    </File>
    <Config>
      <Option Name="DesignMode" Val="RTL"/>
      <Option Name="TopModule" Val="uart_top"/>
      <Option Name="TopAutoSet" Val="TRUE"/>
    </Config>
  </FileSet>
  <FileSet Name="constrs_in" Type="Constrs" RelSrcDir="$PSRCDIR/constrs_1">
    <Filter Type="Constrs"/>
    <File Path="$PSRCDIR/constrs_1/imports/Lab02/uart_led_pins_ArtyZ7.xdc">
      <FileInfo>
        <Attr Name="ImportPath" Val="$PPRDIR/../Practica02/Practica02.srcs/constrs_1/imports/Lab02/uart_led_pins_ArtyZ7.xdc"/>
        <Attr Name="ImportTime" Val="1542732448"/>
        <Attr Name="UsedIn" Val="synthesis"/>
        <Attr Name="UsedIn" Val="implementation"/>
      </FileInfo>
    </File>
    <File Path="$PSRCDIR/constrs_1/imports/Lab02/uart_led_timing_ArtyZ7.xdc">
      <FileInfo>
        <Attr Name="ImportPath" Val="$PPRDIR/../Practica02/Practica02.srcs/constrs_1/imports/Lab02/uart_led_timing_ArtyZ7.xdc"/>
        <Attr Name="ImportTime" Val="1542732454"/>
        <Attr Name="UsedIn" Val="synthesis"/>
        <Attr Name="UsedIn" Val="implementation"/>
      </FileInfo>
    </File>
    <Config>
      <Option Name="ConstrsType" Val="XDC"/>
    </Config>
  </FileSet>
  <FileSet Name="utils" Type="Utils" RelSrcDir="$PSRCDIR/utils_1">
    <Filter Type="Utils"/>
    <Config>
      <Option Name="TopAutoSet" Val="TRUE"/>
    </Config>
  </FileSet>
  <Strategy Version="1" Minor="2">
    <StratHandle Name="Vivado Implementation Defaults" Flow="Vivado Implementation 2018">
      <Desc>Default settings for Implementation.</Desc>
    </StratHandle>
    <Step Id="init_design"/>
    <Step Id="opt_design"/>
    <Step Id="power_opt_design"/>
    <Step Id="place_design"/>
    <Step Id="post_place_power_opt_design"/>
    <Step Id="phys_opt_design"/>
    <Step Id="route_design"/>
    <Step Id="post_route_phys_opt_design"/>
    <Step Id="write_bitstream"/>
  </Strategy>
  <BlockFileSet Type="BlockSrcs" Name="clk_wiz_0"/>
</GenRun>
