<?xml version="1.0" encoding="UTF-8"?>
<GenRun Id="impl_1" LaunchPart="xc7z010clg400-1" LaunchTime="1612841742">
  <File Type="OPT-HWDEF" Name="ios.hwdef"/>
  <File Type="ROUTE-BUS-SKEW" Name="ios_bus_skew_routed.rpt"/>
  <File Type="PA-DCP" Name="ios.dcp"/>
  <File Type="BITSTR-BMM" Name="ios_bd.bmm"/>
  <File Type="OPT-METHODOLOGY-DRC" Name="ios_methodology_drc_opted.rpt"/>
  <File Type="INIT-TIMING" Name="ios_timing_summary_init.rpt"/>
  <File Type="ROUTE-PWR" Name="ios_power_routed.rpt"/>
  <File Type="PA-TCL" Name="ios.tcl"/>
  <File Type="OPT-TIMING" Name="ios_timing_summary_opted.rpt"/>
  <File Type="OPT-DCP" Name="ios_opt.dcp"/>
  <File Type="ROUTE-PWR-SUM" Name="ios_power_summary_routed.pb"/>
  <File Type="REPORTS-TCL" Name="ios_reports.tcl"/>
  <File Type="OPT-DRC" Name="ios_drc_opted.rpt"/>
  <File Type="PWROPT-DCP" Name="ios_pwropt.dcp"/>
  <File Type="PWROPT-DRC" Name="ios_drc_pwropted.rpt"/>
  <File Type="PWROPT-TIMING" Name="ios_timing_summary_pwropted.rpt"/>
  <File Type="PLACE-DCP" Name="ios_placed.dcp"/>
  <File Type="PLACE-IO" Name="ios_io_placed.rpt"/>
  <File Type="PLACE-CLK" Name="ios_clock_utilization_placed.rpt"/>
  <File Type="PLACE-UTIL" Name="ios_utilization_placed.rpt"/>
  <File Type="PLACE-UTIL-PB" Name="ios_utilization_placed.pb"/>
  <File Type="PLACE-CTRL" Name="ios_control_sets_placed.rpt"/>
  <File Type="PLACE-SIMILARITY" Name="ios_incremental_reuse_placed.rpt"/>
  <File Type="PLACE-PRE-SIMILARITY" Name="ios_incremental_reuse_pre_placed.rpt"/>
  <File Type="PLACE-TIMING" Name="ios_timing_summary_placed.rpt"/>
  <File Type="POSTPLACE-PWROPT-DCP" Name="ios_postplace_pwropt.dcp"/>
  <File Type="BG-BIN" Name="ios.bin"/>
  <File Type="POSTPLACE-PWROPT-TIMING" Name="ios_timing_summary_postplace_pwropted.rpt"/>
  <File Type="PHYSOPT-DCP" Name="ios_physopt.dcp"/>
  <File Type="PHYSOPT-DRC" Name="ios_drc_physopted.rpt"/>
  <File Type="BITSTR-MSK" Name="ios.msk"/>
  <File Type="PHYSOPT-TIMING" Name="ios_timing_summary_physopted.rpt"/>
  <File Type="ROUTE-ERROR-DCP" Name="ios_routed_error.dcp"/>
  <File Type="ROUTE-DCP" Name="ios_routed.dcp"/>
  <File Type="ROUTE-BLACKBOX-DCP" Name="ios_routed_bb.dcp"/>
  <File Type="ROUTE-DRC" Name="ios_drc_routed.rpt"/>
  <File Type="ROUTE-DRC-PB" Name="ios_drc_routed.pb"/>
  <File Type="BITSTR-LTX" Name="debug_nets.ltx"/>
  <File Type="BITSTR-LTX" Name="ios.ltx"/>
  <File Type="ROUTE-DRC-RPX" Name="ios_drc_routed.rpx"/>
  <File Type="BITSTR-MMI" Name="ios.mmi"/>
  <File Type="ROUTE-METHODOLOGY-DRC" Name="ios_methodology_drc_routed.rpt"/>
  <File Type="ROUTE-METHODOLOGY-DRC-RPX" Name="ios_methodology_drc_routed.rpx"/>
  <File Type="BITSTR-SYSDEF" Name="ios.sysdef"/>
  <File Type="ROUTE-METHODOLOGY-DRC-PB" Name="ios_methodology_drc_routed.pb"/>
  <File Type="ROUTE-PWR-RPX" Name="ios_power_routed.rpx"/>
  <File Type="ROUTE-STATUS" Name="ios_route_status.rpt"/>
  <File Type="ROUTE-STATUS-PB" Name="ios_route_status.pb"/>
  <File Type="ROUTE-TIMINGSUMMARY" Name="ios_timing_summary_routed.rpt"/>
  <File Type="ROUTE-TIMING-PB" Name="ios_timing_summary_routed.pb"/>
  <File Type="ROUTE-TIMING-RPX" Name="ios_timing_summary_routed.rpx"/>
  <File Type="ROUTE-SIMILARITY" Name="ios_incremental_reuse_routed.rpt"/>
  <File Type="ROUTE-CLK" Name="ios_clock_utilization_routed.rpt"/>
  <File Type="ROUTE-BUS-SKEW-PB" Name="ios_bus_skew_routed.pb"/>
  <File Type="ROUTE-BUS-SKEW-RPX" Name="ios_bus_skew_routed.rpx"/>
  <File Type="POSTROUTE-PHYSOPT-DCP" Name="ios_postroute_physopt.dcp"/>
  <File Type="POSTROUTE-PHYSOPT-BLACKBOX-DCP" Name="ios_postroute_physopt_bb.dcp"/>
  <File Type="POSTROUTE-PHYSOPT-TIMING" Name="ios_timing_summary_postroute_physopted.rpt"/>
  <File Type="POSTROUTE-PHYSOPT-TIMING-PB" Name="ios_timing_summary_postroute_physopted.pb"/>
  <File Type="POSTROUTE-PHYSOPT-TIMING-RPX" Name="ios_timing_summary_postroute_physopted.rpx"/>
  <File Type="POSTROUTE-PHYSOPT-BUS-SKEW" Name="ios_bus_skew_postroute_physopted.rpt"/>
  <File Type="POSTROUTE-PHYSOPT-BUS-SKEW-PB" Name="ios_bus_skew_postroute_physopted.pb"/>
  <File Type="BG-BIT" Name="ios.bit"/>
  <File Type="POSTROUTE-PHYSOPT-BUS-SKEW-RPX" Name="ios_bus_skew_postroute_physopted.rpx"/>
  <File Type="BITSTR-RBT" Name="ios.rbt"/>
  <File Type="BITSTR-NKY" Name="ios.nky"/>
  <File Type="BG-BGN" Name="ios.bgn"/>
  <File Type="BG-DRC" Name="ios.drc"/>
  <File Type="RDI-RDI" Name="ios.vdi"/>
  <File Type="WBT-USG" Name="usage_statistics_webtalk.html"/>
  <FileSet Name="sources" Type="DesignSrcs" RelSrcDir="$PSRCDIR/sources_1">
    <Filter Type="Srcs"/>
    <File Path="$PSRCDIR/sources_1/imports/sistemasDigitales/led_ctl.vhd">
      <FileInfo>
        <Attr Name="ImportPath" Val="$PPRDIR/../../led_ctl.vhd"/>
        <Attr Name="ImportTime" Val="1542732422"/>
        <Attr Name="UsedIn" Val="synthesis"/>
        <Attr Name="UsedIn" Val="simulation"/>
      </FileInfo>
    </File>
    <File Path="$PSRCDIR/sources_1/imports/sistemasDigitales/meta_harden.vhd">
      <FileInfo>
        <Attr Name="ImportPath" Val="$PPRDIR/../../meta_harden.vhd"/>
        <Attr Name="ImportTime" Val="1542732368"/>
        <Attr Name="UsedIn" Val="synthesis"/>
        <Attr Name="UsedIn" Val="simulation"/>
      </FileInfo>
    </File>
    <File Path="$PSRCDIR/sources_1/imports/sistemasDigitales/uart_baud_gen.vhd">
      <FileInfo>
        <Attr Name="ImportPath" Val="$PPRDIR/../../uart_baud_gen.vhd"/>
        <Attr Name="ImportTime" Val="1542732376"/>
        <Attr Name="UsedIn" Val="synthesis"/>
        <Attr Name="UsedIn" Val="simulation"/>
      </FileInfo>
    </File>
    <File Path="$PSRCDIR/sources_1/imports/sistemasDigitales/uart_led.vhd">
      <FileInfo>
        <Attr Name="ImportPath" Val="$PPRDIR/../../uart_led.vhd"/>
        <Attr Name="ImportTime" Val="1542732386"/>
        <Attr Name="UsedIn" Val="synthesis"/>
        <Attr Name="UsedIn" Val="simulation"/>
      </FileInfo>
    </File>
    <File Path="$PSRCDIR/sources_1/imports/sistemasDigitales/uart_rx.vhd">
      <FileInfo>
        <Attr Name="ImportPath" Val="$PPRDIR/../../uart_rx.vhd"/>
        <Attr Name="ImportTime" Val="1542732398"/>
        <Attr Name="UsedIn" Val="synthesis"/>
        <Attr Name="UsedIn" Val="simulation"/>
      </FileInfo>
    </File>
    <File Path="$PSRCDIR/sources_1/imports/sistemasDigitales/uart_rx_ctl.vhd">
      <FileInfo>
        <Attr Name="ImportPath" Val="$PPRDIR/../../uart_rx_ctl.vhd"/>
        <Attr Name="ImportTime" Val="1542732406"/>
        <Attr Name="UsedIn" Val="synthesis"/>
        <Attr Name="UsedIn" Val="simulation"/>
      </FileInfo>
    </File>
    <File Path="$PSRCDIR/sources_1/imports/Practica05/uart_top.vhd">
      <FileInfo>
        <Attr Name="ImportPath" Val="$PPRDIR/uart_top.vhd"/>
        <Attr Name="ImportTime" Val="1612837909"/>
        <Attr Name="UsedIn" Val="synthesis"/>
        <Attr Name="UsedIn" Val="simulation"/>
      </FileInfo>
    </File>
    <Config>
      <Option Name="DesignMode" Val="RTL"/>
      <Option Name="TopModule" Val="ios"/>
      <Option Name="TopAutoSet" Val="TRUE"/>
    </Config>
  </FileSet>
  <FileSet Name="constrs_in" Type="Constrs" RelSrcDir="$PSRCDIR/constrs_1">
    <Filter Type="Constrs"/>
    <File Path="$PSRCDIR/constrs_1/new/uart_led_pins_ArtyZ7.xdc">
      <FileInfo>
        <Attr Name="UsedIn" Val="synthesis"/>
        <Attr Name="UsedIn" Val="implementation"/>
      </FileInfo>
    </File>
    <Config>
      <Option Name="TargetConstrsFile" Val="$PSRCDIR/constrs_1/new/uart_led_pins_ArtyZ7.xdc"/>
      <Option Name="ConstrsType" Val="XDC"/>
    </Config>
  </FileSet>
  <FileSet Name="utils" Type="Utils" RelSrcDir="$PSRCDIR/utils_1">
    <Filter Type="Utils"/>
    <Config>
      <Option Name="TopAutoSet" Val="TRUE"/>
    </Config>
  </FileSet>
  <Strategy Version="1" Minor="2">
    <StratHandle Name="Vivado Implementation Defaults" Flow="Vivado Implementation 2018">
      <Desc>Default settings for Implementation.</Desc>
    </StratHandle>
    <Step Id="init_design"/>
    <Step Id="opt_design"/>
    <Step Id="power_opt_design"/>
    <Step Id="place_design"/>
    <Step Id="post_place_power_opt_design"/>
    <Step Id="phys_opt_design"/>
    <Step Id="route_design"/>
    <Step Id="post_route_phys_opt_design"/>
    <Step Id="write_bitstream"/>
  </Strategy>
</GenRun>
